timestamp,iteration,quality_score,response_length
2026-04-19 21:12:16,1,1.0,250
2026-04-19 21:12:18,2,1.0,250
2026-04-19 21:12:20,3,1.0,250
2026-04-19 21:12:22,4,1.0,250
2026-04-19 21:12:24,5,0.9,230
2026-04-19 21:12:26,6,0.9,230
2026-04-19 21:12:28,7,0.9,230
2026-04-19 21:12:30,8,1.0,250
2026-04-19 21:12:32,9,1.0,250
2026-04-19 21:12:34,10,1.0,250
2026-04-19 21:12:36,11,1.0,250
2026-04-19 21:12:38,12,0.9,230
2026-04-19 21:12:40,13,0.9,230
2026-04-19 21:12:42,14,0.9,230
2026-04-19 21:12:44,15,1.0,250
2026-04-19 21:12:46,16,1.0,250
2026-04-19 21:12:48,17,1.0,250
2026-04-19 21:12:50,18,0.9,230
2026-04-19 21:12:52,19,0.9,230
2026-04-19 21:12:54,20,0.9,230
