timestamp,iteration,tokens,context_length
2026-04-19 21:12:16,1,520,1350
2026-04-19 21:12:18,2,860,2250
2026-04-19 21:12:20,3,1220,3200
2026-04-19 21:12:22,4,1600,4200
2026-04-19 21:12:24,5,2000,5250
2026-04-19 21:12:26,6,2420,6350
2026-04-19 21:12:28,7,2860,7500
2026-04-19 21:12:30,8,429,1500
2026-04-19 21:12:32,9,909,2750
2026-04-19 21:12:34,10,1409,4050
2026-04-19 21:12:36,11,1929,5400
2026-04-19 21:12:38,12,2469,6800
2026-04-19 21:12:40,13,3029,8250
2026-04-19 21:12:42,14,3609,9750
2026-04-19 21:12:44,15,541,1950
2026-04-19 21:12:46,16,1161,3550
2026-04-19 21:12:48,17,1801,5200
2026-04-19 21:12:50,18,2461,6900
2026-04-19 21:12:52,19,3141,8650
2026-04-19 21:12:54,20,3841,10450
